model,feature,gini_observed,gini_boot_mean,gini_boot_ci_low,gini_boot_ci_high,null_mean,null_q95,p_altmann,p_altmann_bh,perm_mean,perm_ci_low,perm_ci_high,perm_ci_excludes_zero
RFC,zeta_potential,0.04707550289930788,0.06052998597325563,0.052500637490537655,0.06801191713850312,0.0627938201138432,0.06638154737781729,1.0,1.0,0.016831725533000448,-0.0007134051794707968,0.03160167643643974,False
RFC,abundance_controls,0.02920384062496652,0.020765682223533182,0.008531668497083918,0.03782538261851715,0.0036398787213224744,0.00479792828648965,0.0004997501249375312,0.0029985007496251873,0.020325179226144255,-0.026878840901331462,0.0595735057828719,False
RFC,dh_functionalized,0.02526069503595896,0.0342304660576531,0.029481806172838215,0.03876528224409157,0.07061913494084204,0.07443578452288191,1.0,1.0,0.005026968552087513,-0.0003365496857263006,0.014655603696466795,False
RFC,secondary_structure_fraction_sheet,0.02395885321062003,0.019962493049591343,0.010317159236526622,0.0326943986860358,0.009662790283435236,0.01093692068189272,0.0004997501249375312,0.0029985007496251873,0.01860208058343869,6.750316655119995e-05,0.05043391540272162,True
RFC,ligand_pei,0.02357737504033614,0.03297585384931564,0.02691679233956219,0.03906228791610087,0.018070644757345884,0.019750037510762458,0.0004997501249375312,0.0029985007496251873,0.010874927769620483,-0.0003412678995616231,0.025221025003453468,False
RFC,dtem,0.0174263418150504,0.022290789618433914,0.018825795314808016,0.026222256929770506,0.04687506224348753,0.04997073193085398,1.0,1.0,0.005287487352744765,-0.0010181958962446724,0.010311020036429827,False
RFC,frac_aa_a,0.015358560307233262,0.01567785809116626,0.008760719879673699,0.028115056328216426,0.010198426922109411,0.011574617135176653,0.0004997501249375312,0.0029985007496251873,0.005911164943992848,-0.008040649488306772,0.03110828506673376,False
RFC,fraction_exposed,0.015216390922187722,0.011766523398762717,0.007587840737111575,0.018622977136266306,0.008454350359264439,0.009610252162493674,0.0004997501249375312,0.0029985007496251873,0.003845429101981599,-0.006337884570774855,0.015991966187891688,False
RFC,nsp_secondary_structure_helix,0.01514888314313867,0.012867811120809897,0.008362145781632439,0.020656015232019494,0.009503668034989296,0.010698656812960481,0.0004997501249375312,0.0029985007496251873,0.0023936146911736522,-0.008826184887715282,0.014309997784904566,False
RFC,frac_aa_c,0.01483832541581074,0.012484372013282832,0.00771025194289931,0.02086716393274659,0.010324930151166688,0.011871024534699832,0.0004997501249375312,0.0029985007496251873,0.005664676663992383,-0.0020148416584515215,0.01846102709742768,False
RFC,frac_aa_r,0.0142564417737136,0.013075723958622597,0.007913051744992485,0.02259278358756746,0.010183814610882103,0.011681669583821318,0.0004997501249375312,0.0029985007496251873,0.005214494940145703,-0.009932512498915547,0.03209747942386832,False
RFC,fraction_exposed_exposed_k,0.014163824348208913,0.0121281841045197,0.008032016364359828,0.019321014062570314,0.009990326250399643,0.01139360197831038,0.0004997501249375312,0.0029985007496251873,0.007823395954303435,-0.010677797285586816,0.02035847492747612,False
RFC,fraction_exposed_exposed_v,0.013886772996905527,0.012424091812820826,0.008004211854662142,0.021352802646529345,0.011016353282914077,0.012597557236106094,0.0069965017491254375,0.022488755622188907,-0.0016472293123115777,-0.016703324225865273,0.005716949854952317,False
RFC,fraction_exposed_nonpolar_total,0.013630475707904672,0.009493177477517961,0.006665025673355405,0.013546877566860861,0.008645365822345796,0.009809360019704836,0.0004997501249375312,0.0029985007496251873,0.0012480500417438856,-0.0046769847616508955,0.00711206245278256,False
RFC,asa_sum,0.01336393841400976,0.012738182453803528,0.008015833256553728,0.02074550379253498,0.009523821914457992,0.010854325157549532,0.0004997501249375312,0.0029985007496251873,0.00154570080290643,-0.005962157467976931,0.011709896751447943,False
RFC,fraction_exposed_exposed_l,0.01334268755576642,0.0121655323041899,0.008249132646756007,0.018095551417717303,0.01028172401120391,0.011707304745056027,0.0024987506246876563,0.011047108024934901,0.002987444690841866,-0.007459016393442719,0.01430798287584971,False
RFC,fraction_exposed_exposed_r,0.012973222959525734,0.011382210102579435,0.007788943500375718,0.017592435371457504,0.010561834260062852,0.01202308173934002,0.0074962518740629685,0.022488755622188907,0.0024858642667926136,-0.00826519507285734,0.014331526648599845,False
RFC,frac_aa_i,0.012932303223071989,0.011509645081841867,0.00757922160225603,0.01852632290458664,0.010406004102813724,0.0118802365673183,0.01249375312343828,0.03385404072157469,-0.0003588957537299031,-0.009564466343839409,0.006165385692222831,False
RFC,frac_aa_p,0.012926758687146246,0.009860742257318906,0.007137782360181052,0.013929986745553282,0.00960610511862056,0.010974839390849173,0.0009995002498750624,0.004938707117029721,0.0014909013504444846,-0.004718792866941007,0.007773406908050539,False
RFC,frac_aa_s,0.012518694279306826,0.011298247251162992,0.0074675826245122695,0.01829120720481359,0.01030687322363493,0.011711453427988877,0.013493253373313344,0.03541979010494753,0.0012901347647880557,-0.00581925966078482,0.013852281622691745,False
RFC,fraction_buried,0.01249484307129334,0.01156926860558,0.007359353242444282,0.01787413455370233,0.008440809282268657,0.009664621804889301,0.0004997501249375312,0.0029985007496251873,0.003919964077098749,-0.009667827712174015,0.014471911707037126,False
RFC,fraction_exposed_nonpolar_exposed,0.01244908595531004,0.01086083918588523,0.007462079482673195,0.016079189187057658,0.008941713691803457,0.010124094905623316,0.0004997501249375312,0.0029985007496251873,-0.0017062832847385355,-0.012799236052640125,0.011070763031981835,False
RFC,fraction_exposed_exposed_f,0.012440359469071141,0.012012232336060772,0.00784319771201679,0.019095717802398,0.010429149121776737,0.011890092499699304,0.025987006496751622,0.06356821589205397,-0.0004552569585343302,-0.007479024231641198,0.007818501371742167,False
RFC,fraction_exposed_exposed_p,0.012433489958462229,0.01073592473540683,0.00761860872695407,0.015108236818986475,0.010175033239485197,0.011582927409737799,0.010494752623688156,0.029385307346326838,0.0008123276961893433,-0.008346975507398487,0.00948855373532502,False
RFC,fraction_exposed_exposed_e,0.012383880211963114,0.010938835799902397,0.007743697088453845,0.016421331139204205,0.009913663848811937,0.011324524476559981,0.005997001499250375,0.021902092432044846,0.0029161458344527168,-0.003379976607572055,0.011727818794810484,False
RFC,nsp_secondary_structure_coil,0.012347314959318451,0.013572189088765218,0.008596937039130718,0.022603938158017936,0.009275811520321784,0.010578174876564957,0.001999000499750125,0.009328668998833917,0.008408988904898764,-0.004556568586821461,0.024297891192628027,False
RFC,nsp_secondary_structure_sheet,0.012271243045770654,0.010506586767541721,0.006863228207643535,0.016318412994642924,0.009379058228870748,0.010797233011745287,0.004497751124437781,0.01717323156603516,0.0033238227568758694,-0.014399590163934578,0.013466116214639829,False
RFC,length,0.01224935548421029,0.011962705664254602,0.00754024953013274,0.019035253601080764,0.008647876799300038,0.009814321215454214,0.0009995002498750624,0.004938707117029721,0.0006817434696801295,-0.007119770233196187,0.00956945287143777,False
RFC,frac_aa_n,0.01218386982395949,0.011493015197693093,0.00727124161455736,0.018471995776207135,0.010312283242749446,0.011683929435132296,0.025987006496751622,0.06356821589205397,0.0017176829669008065,-0.011707698708440439,0.014323138469480008,False
RFC,frac_aa_q,0.012142363867855355,0.01128972737576779,0.0075913841680619,0.018107797308378356,0.010349741344508525,0.011795527693360772,0.026486756621689155,0.06356821589205397,0.0010278864477031291,-0.006417205537133386,0.007428409866848814,False
RFC,frac_aa_l,0.01214127511543731,0.01171588047660659,0.008153023213870902,0.01851995832916619,0.009969227401511111,0.011444387191963704,0.009995002498750625,0.028951041720519054,0.0008392341584601937,-0.007458933536566537,0.010021484931644078,False
RFC,gravy,0.012131196963710511,0.010450594823402173,0.007098729199055765,0.016236722211946938,0.009696517084981102,0.01106634163760293,0.0074962518740629685,0.022488755622188907,0.0008856041996052244,-0.008537583399535097,0.01051954732510284,False
RFC,fraction_exposed_polar_exposed,0.011884385617100049,0.01098359002537355,0.007576677862380857,0.016878760128635803,0.008963458817687347,0.010182856196433636,0.0004997501249375312,0.0029985007496251873,0.0001492039278475532,-0.0045544615487138505,0.005663687999710503,False
RFC,fraction_exposed_exposed_s,0.011793093890587289,0.011324941353192855,0.00775904766075514,0.016268216267434236,0.010679246463089728,0.012325964860978731,0.11094452773613193,0.21672884487988567,0.0013969808212404844,-0.01299707222174074,0.009186930783242175,False
RFC,fraction_exposed_exposed_a,0.011712881264233296,0.010145232875086847,0.007124907965147215,0.015138530689678773,0.010709677882199557,0.012231845199978417,0.11694152923538231,0.22325201035845713,-0.0008395982265312241,-0.008294382366568709,0.006342404017232186,False
RFC,flexibility_mean,0.011704842870061762,0.00929565780338074,0.006618910705165933,0.013354130305360075,0.009386543033057462,0.010620865825663852,0.0074962518740629685,0.022488755622188907,7.387170839184942e-05,-0.008452161545771216,0.007511034333055875,False
RFC,frac_aa_w,0.011675631591376532,0.009988627722841807,0.007166287186517778,0.015993918580808217,0.010091109799267172,0.011538809990386393,0.04247876061969016,0.09390041821194667,0.000439963614695964,-0.006247788307155289,0.005826385321036628,False
RFC,frac_aa_t,0.0114900865001224,0.009506546242782406,0.006920734088190955,0.013092846484009582,0.010462367260216944,0.011887239812927754,0.10844577711144428,0.21672884487988567,-0.00026562775730407107,-0.006898272683171053,0.005247974800686499,False
RFC,flexibility_min,0.011488955894843705,0.012739176309858031,0.008655465429367045,0.019789126820889104,0.010424088962089406,0.011939488467190533,0.10344827586206896,0.21194280908326324,-0.0004269944857805519,-0.007204306977483396,0.005756829237462498,False
RFC,frac_aa_h,0.011484425435324077,0.010042062488662946,0.0069541202455106425,0.015162780321965,0.010266050238608666,0.011650069163910407,0.07896051974012994,0.16581709145427287,0.00041944216488761123,-0.005321472598316138,0.006779400654746805,False
RFC,fraction_exposed_exposed_n,0.011362710035283155,0.010508694640694835,0.007148870285057525,0.01690214966350025,0.010547616226098339,0.012046091575417259,0.16441779110444776,0.30024118375594805,-0.0010906429696357,-0.011962887067395336,0.006922687295666932,False
RFC,fraction_exposed_polar_total,0.011359362345445125,0.009529565900542634,0.006545098444943533,0.013993527263084473,0.008631704152247092,0.009831690696596777,0.0009995002498750624,0.004938707117029721,0.0011299570395257742,-0.006090391621129396,0.009765303497942416,False
RFC,molecular_weight,0.011203717245965417,0.011501832480996302,0.00754258156951536,0.01699283139202387,0.008817423556018755,0.010037346271650364,0.0034982508745627187,0.014692653673163419,0.002907264192194442,-0.005166109396433411,0.015325092742049587,False
RFC,rsa_std,0.011025816977022604,0.008814944575075792,0.0064913037195329275,0.012257462289765167,0.00946318370875353,0.010759012692326507,0.030484757621189407,0.07113110111610862,0.0009585381432775297,-0.007520491803278784,0.005921923011266664,False
RFC,frac_aa_e,0.010995750044655994,0.009446870330666936,0.006854437594217563,0.012821175859543675,0.00958879188591213,0.01094322465782202,0.047976011994003,0.1033329489101603,0.0003070608116395801,-0.006227307310777927,0.008571344742232836,False
RFC,fraction_exposed_exposed_y,0.010956030004257605,0.01114523923478933,0.0077506476364526625,0.01628536364113443,0.01048754468498394,0.012022626862053236,0.27636181909045476,0.464287856071964,0.0038339543879722837,-0.002498223248130599,0.010276001007302788,False
RFC,flexibility_max,0.01088988039520978,0.010577024145921687,0.007500912718878697,0.01572693842312112,0.010267650417781814,0.011663421252871191,0.21389305347326337,0.37431284357821093,-0.0007371704491153152,-0.008284111843743175,0.009488395861220548,False
RFC,flexibility_std,0.010875728577206908,0.009804856964773755,0.007215749767198843,0.013515529983086546,0.010233403152930696,0.011639769760692162,0.1934032983508246,0.34565695875466523,0.0025868136382277683,-0.005162011351997195,0.00870879293785131,False
RFC,mass,0.010857408646890093,0.011611202829560338,0.007719546157454175,0.017725732763916077,0.008777150094992464,0.009955891205226823,0.0069965017491254375,0.022488755622188907,0.002346295781565928,-0.00933603950364253,0.014349785948123753,False
RFC,frac_aa_v,0.0107777869453844,0.009857744184647906,0.007225982311709485,0.01327697277318843,0.01032050512167207,0.011784375055377523,0.2658670664667666,0.45577211394302847,-0.002401460630257941,-0.009784961090390103,0.0053830269453537674,False
RFC,rsa_mean,0.010687279774321344,0.009761387232788113,0.006716847730737733,0.01423015659038246,0.008673442447545613,0.00985536706984477,0.00399800099950025,0.015992003998001,0.0025077408780871447,-0.006434590413040522,0.010389504636918916,False
RFC,core_iron_oxide,0.010663064613426825,0.01306572276959758,0.010674439947174557,0.01591148169711004,0.018472537607706358,0.020191180044246262,1.0,1.0,0.0028837620904039107,-0.002951970483560276,0.008477690288713811,False
RFC,fraction_exposed_exposed_g,0.010557860526447733,0.01068649903932747,0.007474426272551788,0.016108325655269325,0.010338583085468443,0.011794757876520026,0.3563218390804598,0.5755968169761273,-0.0013710448153189036,-0.005022580745214195,0.0023446269142174403,False
RFC,frac_aa_g,0.010517419698194017,0.009567966969374788,0.007067067621863728,0.013237690001343103,0.009721708281340528,0.01104786423068547,0.1454272863568216,0.271464267866067,0.00017196399798455553,-0.006508768888503785,0.008281498688002771,False
RFC,fraction_exposed_exposed_q,0.010438038255964212,0.010084541288555144,0.0071352583678245575,0.015905208476243746,0.01075476163765762,0.012340013858833201,0.6146926536731634,0.8605697151424287,-0.0001484162300467007,-0.008492822966507288,0.007701195687565504,False
RFC,frac_aa_y,0.010404537100309195,0.00957484967177214,0.006905674889225467,0.013180923260783557,0.010069514397773592,0.0115379315425281,0.31284357821089454,0.5152717758767675,0.0007873475582596945,-0.006912849868076454,0.009344165375289416,False
RFC,fraction_exposed_exposed_m,0.010133663910756208,0.009773196256460252,0.0071702393827358475,0.013318481643715392,0.011063909123487899,0.01262482414210125,0.8540729635182409,1.0,0.0004952545153491839,-0.009322721065209922,0.008366406446738783,False
RFC,frac_aa_m,0.010053115615707875,0.01012909536980759,0.007133498575010158,0.015963643973197682,0.010591160673779722,0.012169159667257162,0.711144427786107,0.948192570381476,-0.0018120610602242859,-0.00842280724394547,0.0065326114328883075,False
RFC,aromaticity,0.009952258044613287,0.008473384509030322,0.006215365288756475,0.011742017949832722,0.009976558488281616,0.011309349763884199,0.4987506246876562,0.7593703148425788,0.001189120285886609,-0.005438923241648533,0.005984687033313403,False
RFC,frac_aa_d,0.009946571377442598,0.00970882812682961,0.006700848801600792,0.014475433558752823,0.010192590771105995,0.011594606800955653,0.5987006496751625,0.8523873656392144,-7.248012784318637e-05,-0.008305542827930824,0.008422723490466957,False
RFC,isoelectric_point,0.009946142507447167,0.011015724223723378,0.008060937323769403,0.014813093387846322,0.010357336537996548,0.011776439216325449,0.6691654172913544,0.9066112105237704,0.003165116855831284,-0.0031057770895169534,0.007949364322555457,False
RFC,secondary_structure_fraction_disordered,0.00985070774653169,0.009781487347920977,0.006994070498097745,0.013593131135421946,0.009924539206197363,0.011354907156670745,0.5062468765617192,0.7593703148425788,0.0003028086597089319,-0.008193120596767554,0.005722169805517126,False
RFC,instability_index,0.009740219246669046,0.009317598057076765,0.006848017681820225,0.014083672210498882,0.010385051723930653,0.011859430239340815,0.7721139430284858,1.0,-0.0005867455651652586,-0.007153950315249502,0.004237383591763768,False
RFC,secondary_structure_fraction_helix,0.009733014035315665,0.009150020543768471,0.00659902802250308,0.013397449551941531,0.009545298631619252,0.010969847511604932,0.3758120939530235,0.5956267149444147,0.0010817077131668063,-0.0033220076004172013,0.005404451832623755,False
RFC,fraction_exposed_exposed_i,0.009712949661691278,0.009888341331407152,0.007138869132656308,0.013689872741825303,0.0104796226715624,0.012051247520457649,0.8025987006496752,1.0,0.00010590532699730426,-0.00461723298775468,0.0072881995948047545,False
RFC,fraction_exposed_exposed_h,0.00969381757584948,0.009489826285361899,0.006897357475516621,0.013173025179647399,0.010460722022218347,0.011908787274313503,0.823088455772114,1.0,-0.0011537470323321885,-0.008852051388313353,0.006562999557454184,False
RFC,fraction_exposed_exposed_w,0.009682780370316568,0.007949817531319398,0.0056072962699745925,0.011014752136744615,0.008326339105875658,0.00955957542098895,0.035982008995502246,0.08168888528708618,0.0016493124630594903,-0.004400618646213966,0.007360330862554722,False
RFC,frac_aa_k,0.009598640590153295,0.010566739078924893,0.007389415593231595,0.015029174635651486,0.009780767016063487,0.011199924209431883,0.5652173913043478,0.8329519450800914,0.0031534448279289884,-0.0057336777363330566,0.01583630295575409,False
RFC,nsp_disordered,0.009471919138668919,0.00991948008855308,0.007239662656303225,0.014124038386977731,0.009443050552091364,0.010730990330751406,0.47176411794102946,0.7338552945749347,0.0005275991717032969,-0.0059022376180311534,0.006210607459727146,False
RFC,incubation_concentration_mg_per_ml,0.00930733564426452,0.013853606030055025,0.010757452850821718,0.01748190472601265,0.02656755947529732,0.0287953678173403,1.0,1.0,0.0007717697910632249,-0.002611902197881438,0.0035911360343235466,False
RFC,frac_aa_f,0.009266280184485812,0.009571531485468169,0.006888705340091328,0.013470172806491968,0.010327944354483696,0.011799191961612233,0.9120439780109945,1.0,0.0009166734707653956,-0.004950162805133701,0.008755729035507337,False
RFC,fraction_exposed_exposed_t,0.009202392534084464,0.009651750591078251,0.006831682985549098,0.014553880293017525,0.010805173031094425,0.012353742523011904,0.9760119940029985,1.0,-0.0017031221304570653,-0.014527935887633552,0.008570637119113425,False
RFC,secondary_structure_fraction_turn,0.009048864450118706,0.009361264097870048,0.006879085858508695,0.013046605326769309,0.009381626058273668,0.010656610267431798,0.6506746626686657,0.8960110108879987,0.0010671435242938221,-0.0045677080125253785,0.007829918032786765,False
RFC,fraction_exposed_exposed_d,0.008701483349370825,0.009570109370531394,0.00686635188853208,0.013590301284891115,0.010307654106833765,0.011735874363818783,0.984007996001999,1.0,0.00021213548161140737,-0.00515978577231464,0.005535410080202015,False
RFC,fraction_exposed_exposed_c,0.008187725555787041,0.007595962550385823,0.005201617804456347,0.01052583046858477,0.008424929247467336,0.00981245492128307,0.5872063968015993,0.8504368505402472,-0.0014996897031739809,-0.011657457291522805,0.003838579702845535,False
RFC,ligand_pvp,0.0079464311155193,0.012955973343370892,0.010490463386484445,0.015740168149748518,0.014167134362481593,0.015595512029066498,1.0,1.0,0.001977039679284862,-0.000897630404885788,0.005500797448165706,False
RFC,ligand_citrate,0.007416541166061311,0.014124085721407238,0.011193135018300765,0.017411201654966985,0.0130851224201412,0.014455753687297975,1.0,1.0,0.0020255101780753924,-0.002038611727552078,0.006467622142281289,False
RFC,core_iron_oxide_au,0.006907888330480732,0.010041487364487857,0.008307455438817819,0.01218981662207088,0.01776294226480794,0.019381814404453558,1.0,1.0,0.0013249403869896837,-0.0013857374398366235,0.004738095150992085,False
RFC,np_incubation_concentration_mg_per_ml,0.006226813448651646,0.009107717339506036,0.007049697672593333,0.011447982797583925,0.009588625064099333,0.010721841070217439,1.0,1.0,0.0016364108409814182,-0.0012097887886131143,0.004992283950617273,False
RFC,centrifuged,0.004906089678651412,0.007129359341994598,0.00549541561875637,0.009177924942765637,0.007484923221957673,0.008391873455966408,1.0,1.0,0.0010646966597406516,-0.0013591195001460637,0.0037694616208349655,False
RFC,core_ps,0.004831873397998912,0.007170068487570688,0.005413271999537135,0.009003793476792624,0.007464726604314492,0.008393234615977133,1.0,1.0,0.001163104710450832,-0.00039129182314784903,0.003370108691531248,False
RFC,ligand_carboxylate,0.002782042669986688,0.00430623676892287,0.00302806586883305,0.00587630682373489,0.005608387329537013,0.006454940957054481,1.0,1.0,0.0005120170558078663,-0.0013008302883398659,0.0024407913988238102,False
RFC,ligand_peg_two_k,0.001768155751595212,0.0028702218836984972,0.0016591901304672575,0.004573329688568809,0.002884140174587327,0.0035885270341344737,0.9980009995002499,1.0,0.0007792018971549686,-0.0008210299230495572,0.002189372953915815,False
RFC,ligand_peg_five_k,0.00044942236561485387,0.0012269375361521919,0.000718450549466345,0.0019337103677038218,0.0032682889137829437,0.003990745476752387,1.0,1.0,6.58739538326436e-05,-0.00036597228241508903,0.00044676136746944745,False
RFR,abundance_controls,0.6738073689932165,0.6235884460044192,0.38925410412329736,0.8150873346231534,0.005157879394921817,0.009585388239430078,0.0004997501249375312,0.020989505247376312,0.06973588903900908,0.021112067334980292,0.15489258757315857,True
RFR,zeta_potential,0.023261724259730974,0.02990744414743834,0.013110590069265493,0.05898259174560179,0.10360565474771678,0.11898183206392376,1.0,1.0,0.0006678939107119526,-0.0008958425958632363,0.0021334274101119316,False
RFR,nsp_secondary_structure_coil,0.019349220996151106,0.004718471945790597,0.0005289905007720351,0.022221563850299914,0.006009249780043847,0.008548221180943085,0.0004997501249375312,0.020989505247376312,0.00082690760562657,-0.0008640156873062011,0.003130579433113049,False
RFR,nsp_secondary_structure_helix,0.017752544043618146,0.0056199974979145575,0.000619312887147975,0.02620020090252411,0.0066434031721975964,0.009327637771498812,0.0009995002498750624,0.02798600699650175,0.0007924203025736884,-0.0009051750312004728,0.003295524963708637,False
RFR,dh_functionalized,0.014770963131638733,0.015168442673254397,0.009830501289923136,0.022347752645992047,0.13564459519118321,0.15040588612543063,1.0,1.0,0.0003508257096990572,-0.0004063287794054581,0.001274213698383055,False
RFR,frac_aa_r,0.010341475693439458,0.0062855943583689155,0.0005694314103279825,0.03374332370442325,0.007830613761630384,0.01104622743052443,0.079960019990005,1.0,0.0001816099277271529,-0.001897294511137271,0.0021881651810948524,False
RFR,incubation_concentration_mg_per_ml,0.007903597262059095,0.011805880105601506,0.0051959503085643975,0.020938163575533672,0.049354918184283364,0.05716778582134523,1.0,1.0,0.0005196227352256667,-0.00047979917768629574,0.0015336355322757892,False
RFR,frac_aa_n,0.007472317900058596,0.004513895609525644,0.00067571679720683,0.019298424947832633,0.008502550110228905,0.012291483308496026,0.6636681659170415,1.0,0.00030606074235501094,-0.00024519698582858574,0.0009407383304383956,False
RFR,frac_aa_m,0.006636243392054967,0.004935370944364491,0.00067533378790818,0.020398213368325428,0.009410152514458368,0.013354473687331326,0.935032483758121,1.0,-0.00012321756369135025,-0.0011296473566826816,0.0011591002581285827,False
RFR,fraction_exposed_exposed_c,0.0066284877232793025,0.0036032653297901744,0.000668166785977215,0.013290818522245519,0.008057944374078986,0.012097955960469324,0.7341329335332334,1.0,0.00013619104798909848,-0.0006207281774230283,0.0011378299815542332,False
RFR,fraction_exposed_exposed_y,0.0066141473701878065,0.0041113349205239395,0.00056712543759216,0.018477704813493027,0.00900430110610443,0.012537500428270074,0.9265367316341829,1.0,0.0006767569322749782,-0.00035405759765616795,0.00428027908549888,False
RFR,fraction_exposed_exposed_r,0.006536513919087978,0.006094543655976944,0.0008535953851787225,0.02647918855181668,0.008760505933218444,0.01251230074427607,0.9010494752623688,1.0,0.0003859901144476143,-0.0009285620148394277,0.002140710047103487,False
RFR,ligand_pei,0.006479396638459761,0.008222737881330123,0.0022117986855419076,0.018475284507514275,0.011370968064912229,0.015643984521059105,0.9940029985007496,1.0,0.00014863358867951544,-0.00036847892115433704,0.001110135383833619,False
RFR,rsa_std,0.006474832222597565,0.0030892907583404084,0.00050156361703186,0.012595329564720077,0.008395506761649874,0.012691814056579728,0.8145927036481759,1.0,8.304642926572257e-05,-0.0006155597005284713,0.0016466067821480287,False
RFR,fraction_exposed_exposed_w,0.006189151794352685,0.0033249597726368457,0.0004146900531920025,0.01415559434992737,0.007219467210068788,0.010910503149230146,0.6671664167916042,1.0,-3.8587649602446136e-05,-0.0008662744766170328,0.0007801640313440417,False
RFR,dtem,0.006033680044885654,0.0067202813190217515,0.0029591408465463273,0.01281117007115693,0.07766126982287225,0.08919853342912512,1.0,1.0,0.0002227054102041432,-0.00018260716124874986,0.0006311708296224392,False
RFR,fraction_exposed_exposed_a,0.0057086529680937465,0.0037168514133966916,0.0005353697628659725,0.012859140050890078,0.009597895843728303,0.014125572445062245,0.9830084957521239,1.0,-0.0003779959725581194,-0.0018757796152376182,7.423675172660674e-05,False
RFR,frac_aa_h,0.005621406133430471,0.003695665767072991,0.0006320202065296175,0.014185810885722969,0.00818352751676631,0.01151260763432168,0.9630184907546226,1.0,0.00034249002203813833,-0.0006424914141310023,0.0014968697699490063,False
RFR,fraction_exposed_exposed_n,0.005577818030531377,0.0035242238469957547,0.00058946696777851,0.01654771105943934,0.008893816293979057,0.01284480897542117,0.9850074962518741,1.0,9.208897039522968e-05,-0.00037976890495144305,0.0005013188027866212,False
RFR,instability_index,0.005396084088874741,0.0041029012770111015,0.0006467874309662775,0.015470753316281302,0.008827461623463982,0.012839312764670607,0.9900049975012494,1.0,3.562866979162083e-07,-0.0004640144305168122,0.00047971327471509577,False
RFR,fraction_exposed_exposed_s,0.005373632207976948,0.004319815889707222,0.000534276007119855,0.017993743513883727,0.009422571099307537,0.014245358301524161,0.9910044977511244,1.0,-9.635691628959213e-05,-0.0008800628659206506,0.00034347561045072425,False
RFR,frac_aa_i,0.0053573745108735325,0.0040532286959620665,0.0005912142503413751,0.015700447151041696,0.009432843349014198,0.013876087586842382,0.9920039980009995,1.0,0.0002677025779351152,-0.0003318244501071731,0.0016513125603329433,False
RFR,ligand_citrate,0.005349465622694681,0.00882255859081422,0.00239051976647346,0.0260975763450884,0.012035259129484131,0.01778836247899511,0.9995002498750625,1.0,0.00028838907471190746,-0.0004540524355072826,0.001092146944887946,False
RFR,frac_aa_f,0.005322542820600336,0.006005642141380998,0.00049048733344704,0.035695652945336914,0.008950118804256415,0.013201159461782056,0.9900049975012494,1.0,0.0008645028141019327,-0.0008371551919649324,0.003082910965698477,False
RFR,frac_aa_v,0.005124828142358362,0.008495890091464179,0.0007359224793572851,0.045077403016961524,0.00879631158429909,0.012872862512118553,0.9945027486256871,1.0,-0.0004264022795546478,-0.006168447063785396,0.001640989148734572,False
RFR,mass,0.004973103138338581,0.0027094552220560324,0.0005490975235644625,0.008853177097344503,0.0040432202256812525,0.005839972328631144,0.17991004497751126,1.0,6.615267248084325e-05,-0.0006736809248107302,0.0005963877762782035,False
RFR,fraction_exposed_exposed_e,0.004223413798022671,0.009066220380464764,0.0008440492815061075,0.045415483625221006,0.007689151558497712,0.011632003861664846,0.9940029985007496,1.0,0.0008511711393459834,-5.2549247052350794e-05,0.003545003312372135,False
RFR,flexibility_std,0.0042158119980684,0.0025742012038034437,0.0006057583594284151,0.010777987125239629,0.008454046556703525,0.012165943111466028,1.0,1.0,0.00015085215951613794,-0.00036070267017307076,0.0012526308624578118,False
RFR,frac_aa_c,0.004203430628578591,0.00688798074087992,0.0011201986800172127,0.023905951454020698,0.010401849727167784,0.01547971421715395,1.0,1.0,0.0002330176225123317,-0.00784698058648816,0.00492515179755817,False
RFR,molecular_weight,0.004143987432030497,0.0026681141160903037,0.0005157183393899475,0.008234571597221081,0.00405350754234668,0.005855619377970305,0.42628685657171417,1.0,2.075117728468162e-05,-0.00039890644299313895,0.0004522878014041938,False
RFR,length,0.00412302300776081,0.002516618918971293,0.0005447589813806475,0.008604536837182777,0.004477758647062564,0.0065788343895005165,0.5782108945527237,1.0,0.0001611361707335042,-0.0006887383290276799,0.0005628491949826469,False
RFR,fraction_exposed_exposed_t,0.003992999420426846,0.0029870749676854922,0.0006556968629051225,0.011979106203878518,0.009418196007067602,0.01335094988002656,1.0,1.0,6.221744834544962e-05,-0.0013400768009007608,0.00172944322201434,False
RFR,core_iron_oxide,0.003844524894857239,0.004145396119688849,0.0015489152483826624,0.00955937198862634,0.020157578458081176,0.025513766318960577,1.0,1.0,0.00012416235403496935,-0.00015613644486613468,0.000484374024305464,False
RFR,np_incubation_concentration_mg_per_ml,0.0036786603307684207,0.004662459984311501,0.0007455518227566701,0.015365987450937016,0.006426673860211078,0.010423983907244253,0.9130434782608695,1.0,2.9255259736228263e-05,-0.00012238699787898606,0.0002489249191508665,False
RFR,isoelectric_point,0.003552303304762623,0.0037449817904568797,0.0005679637840062701,0.01552990094479256,0.00878402302969713,0.012695121261207523,1.0,1.0,-0.00010350578930069451,-0.0016255589362875293,0.0003936391751936954,False
RFR,fraction_exposed_exposed_f,0.003445509517973986,0.004125655109059173,0.000535476823952535,0.016736426381119406,0.00943064609502047,0.013506857288458648,1.0,1.0,1.7583550918074744e-05,-0.0012317289796425484,0.0007316586245475314,False
RFR,frac_aa_q,0.003328408335322777,0.0057374483672497445,0.0006194735566669475,0.02764033483421307,0.008432025541760313,0.012246078203501645,1.0,1.0,-4.2856210613417756e-05,-0.0011675015505699872,0.000770806238925857,False
RFR,ligand_pvp,0.003100204815442985,0.004023692067901332,0.0011970067688897976,0.009796452570411255,0.01857005831279673,0.02722438075777433,1.0,1.0,1.2444778188994074e-05,-0.00045088242068427805,0.0004119233451007009,False
RFR,fraction_exposed_exposed_l,0.0030327786802121586,0.0036407637012786545,0.00061731274389572,0.016555517630458833,0.008716784759926856,0.012756634121469728,1.0,1.0,0.00020301745668213224,-0.0006378300944700034,0.0012083159047348638,False
RFR,secondary_structure_fraction_disordered,0.002916007204806002,0.0035806561287100346,0.0005064474801211825,0.013563110437258,0.007674505745523549,0.010969299765859435,1.0,1.0,0.0015385342822515212,-0.001538865580731388,0.006619212073542013,False
RFR,nsp_disordered,0.0028697847586188667,0.005420647889347805,0.0006654888632798976,0.02808141709880167,0.006526851563911722,0.009137463800036168,1.0,1.0,-0.0008896094602461997,-0.007125485357173039,0.0015450631481709904,False
RFR,fraction_exposed_exposed_h,0.002661679156736135,0.002879998569914582,0.000704076389251435,0.01018376537018943,0.008489178154726322,0.011854530405308311,1.0,1.0,0.00021719915477965104,-0.0007454668173788572,0.0010937039653231171,False
RFR,core_ps,0.0026006365967139794,0.0022725133354358634,0.0004625099678703725,0.008130655635969411,0.00362814109752242,0.006060328024357427,0.7801099450274862,1.0,3.213470700280996e-05,-9.415258687597607e-05,0.00025370265511812627,False
RFR,secondary_structure_fraction_sheet,0.0023565930234469216,0.005536131182845772,0.0007434609995712225,0.0238825275138623,0.006831198956683218,0.009721879627620925,1.0,1.0,0.00035255116423969204,-0.0005238469541675436,0.0013606531740429897,False
RFR,centrifuged,0.0023549932498928587,0.002205589174841764,0.000475123506097105,0.008030033711730503,0.0036216090716746107,0.006065412132236242,0.847576211894053,1.0,3.154451737584288e-05,-0.00010996992848869743,0.0001442140709690411,False
RFR,flexibility_max,0.0023504328689897365,0.002874076158226775,0.0006925852124874775,0.010069032078632486,0.009323421930236352,0.014000156410742867,1.0,1.0,-5.971774735714128e-05,-0.0011479351596682015,0.0004611359527422388,False
RFR,frac_aa_e,0.0022908509955835103,0.00313739222899075,0.0004798737958015575,0.015286318850433283,0.006439682574082421,0.009040475309388887,1.0,1.0,7.327650408841341e-05,-0.00044252216400288076,0.0010224740873012637,False
RFR,flexibility_min,0.002204882325170736,0.005145678661503111,0.0007555733849389201,0.030788844063069403,0.010035732512159107,0.013997804719411183,1.0,1.0,0.00020227893015888594,-0.0002939770421577722,0.001046305735471541,False
RFR,frac_aa_a,0.002119533027169489,0.0030180766699075714,0.000658592232551195,0.01106974964163728,0.007917106538434728,0.011210593357764255,1.0,1.0,-0.00012432365227316798,-0.0013633333034886042,0.00041771519708844786,False
RFR,frac_aa_s,0.0021174664858531313,0.004932781477798217,0.000615086220160025,0.024606243862552668,0.007949937198299268,0.011118880061058609,1.0,1.0,-0.0001368775072540089,-0.0013069342918584463,0.00037676631727048056,False
RFR,frac_aa_w,0.0021135767127438993,0.0034332422206593246,0.0005753997776171351,0.016717011564382808,0.008646938843403291,0.012141007900027683,1.0,1.0,-0.00010173278851321334,-0.0006315128888477066,0.0005541873465278773,False
RFR,fraction_exposed_exposed_v,0.0021115692884250605,0.004021872059006987,0.0004714211822912725,0.019689165530376876,0.010782398936382224,0.01523974622817901,1.0,1.0,-0.0001499246686862509,-0.0011320001692490856,0.0005293749206851348,False
RFR,fraction_exposed_exposed_g,0.002081523920083918,0.016524912443169122,0.0007092402496774875,0.15453597421164553,0.008195112913862563,0.011755765104226878,1.0,1.0,-7.741388035228982e-05,-0.0017943492854142619,0.0012393179369447253,False
RFR,asa_sum,0.001930665750895825,0.0029123014857248904,0.0006800618226302176,0.008680847815379445,0.007422082967319944,0.01092068998937557,1.0,1.0,0.0003369614950792816,-0.0015669916273102064,0.0013036768048438328,False
RFR,fraction_exposed_exposed_k,0.0018972218631679702,0.00522718736623432,0.000472517027249505,0.03079637261239527,0.007766347068530887,0.012184602380509816,1.0,1.0,-9.415740832391335e-05,-0.0028073566670934,0.0005781075647704999,False
RFR,fraction_exposed_exposed_m,0.0018931405271918177,0.004977967878365534,0.0007085650502619825,0.027796010724552615,0.011041202142666143,0.015917703752650326,1.0,1.0,8.703260013420706e-05,-0.000578138050413668,0.0009634620115232022,False
RFR,frac_aa_l,0.0018611928026690471,0.003213496944493254,0.000533875251991315,0.017494537368666404,0.007985207642137213,0.011798421415095827,1.0,1.0,-0.00018078193922515452,-0.0012158119473276326,0.00035090049674597776,False
RFR,frac_aa_k,0.001681600095130317,0.005359761339897524,0.0005469766038997225,0.026741759775023938,0.006990470579153804,0.010150362553159927,1.0,1.0,0.00022216903516720295,-0.0002892262205524125,0.0009864432150593061,False
RFR,fraction_exposed_exposed_d,0.0016719241504765336,0.005653663226521307,0.000641983966154135,0.02689198373251131,0.008518567498254043,0.01248022249531271,1.0,1.0,-0.00047611739653311897,-0.004634050323007757,0.0003770826919028431,False
RFR,frac_aa_p,0.001503924498844317,0.002772365236104867,0.0004795624319577075,0.011661016637882153,0.006468558298746706,0.009256615806229112,1.0,1.0,0.00011427691174057571,-0.00027905375117066346,0.000526613332434056,False
RFR,fraction_buried,0.0015018689885996728,0.001667339621787705,0.00050064864374164,0.0046598003237815905,0.004150103358848858,0.006037472043512297,1.0,1.0,-0.00020098287554629716,-0.0016625532074168177,0.00020202459555078835,False
RFR,frac_aa_d,0.0014346652058929209,0.004005329652360912,0.000576760387052155,0.021643317440740703,0.008021895888192597,0.011255417196067237,1.0,1.0,-1.535535994466465e-05,-0.0007646660650380821,0.00033449615387890933,False
RFR,core_iron_oxide_au,0.0014279502847076232,0.0023733913427250917,0.0008111397947627675,0.005680935316831118,0.018612129364163267,0.025015594946098133,1.0,1.0,1.1929886303173459e-05,-0.00014229967479616814,0.0001598208970356649,False
RFR,fraction_exposed_nonpolar_total,0.0013631657922824898,0.0018471535292463146,0.0003744316965680325,0.007038608768576185,0.004139448825648416,0.006183237773873338,1.0,1.0,0.00011809931770154568,-0.00013668065802209528,0.00045474473168881775,False
RFR,fraction_exposed_exposed_q,0.0013526181216301988,0.0028533021320864705,0.000532878385261465,0.013051016690259548,0.009470645535817536,0.013902255577301563,1.0,1.0,6.566229779027404e-05,-0.0005358006039155941,0.0005269227498665,False
RFR,gravy,0.0013474659926767764,0.0025437175963127063,0.00038751385265942,0.009600298084091153,0.00723693688912428,0.010855926154589407,1.0,1.0,7.006531250820604e-05,-0.0002191656628793663,0.00030137613462875087,False
RFR,fraction_exposed_polar_exposed,0.0012788971784023664,0.001928315632511139,0.00041202348961609,0.008037131333840847,0.004431137700131584,0.006519125343565832,1.0,1.0,0.00010165683528835914,-0.00011054806153101386,0.0004654911738762401,False
RFR,fraction_exposed_exposed_i,0.0012717717491859933,0.0031798698727345015,0.0005609693965096925,0.014572325718688347,0.009771411443637565,0.014361743609425241,1.0,1.0,0.00010404371017259661,-0.0003655345973785754,0.00047102976187416047,False
RFR,nsp_secondary_structure_sheet,0.001261242346090997,0.0049424511943027835,0.0006032105665419525,0.03440940667686905,0.008177751018618562,0.012194162894593222,1.0,1.0,6.51887204269834e-05,-0.0006438417520812822,0.0004992198034938304,False
RFR,flexibility_mean,0.0012515871764932735,0.0021866892810518024,0.000397620908561515,0.010386609368658577,0.006169245848835095,0.008715316976578116,1.0,1.0,-8.269586226198403e-06,-0.0003104252537005876,0.00021563975368099427,False
RFR,frac_aa_t,0.0012447390420764744,0.003230231822590598,0.0004431383284901,0.016726724259151254,0.008651435789317439,0.01221153942753315,1.0,1.0,4.1451579514179896e-05,-0.0004953360887911221,0.0010174317844645303,False
RFR,frac_aa_y,0.0011717122856730222,0.002244738804686117,0.0004783356236573375,0.008544658616592517,0.007893601871878996,0.011070873255882461,1.0,1.0,-2.2518594441448478e-05,-0.0002741752547470659,0.0003339150691287902,False
RFR,fraction_exposed_exposed_p,0.0011295836612575192,0.003682433200045514,0.0005328606737944,0.017488599807486842,0.008271694443199805,0.011970659722779381,1.0,1.0,6.425789046892088e-05,-0.0006391099974420482,0.0005533033000716207,False
RFR,fraction_exposed_polar_total,0.0010661140378059343,0.0016599287851431935,0.0004037396314197125,0.006489232876029153,0.004225564636812167,0.006444435219011029,1.0,1.0,8.10323648119183e-05,-0.0005390326138828636,0.00048207949047114217,False
RFR,secondary_structure_fraction_helix,0.0010372230161838942,0.002601858057696014,0.00041057978655538,0.011703195239549064,0.0068225038709114495,0.01009586786754823,1.0,1.0,-5.2392930479134846e-05,-0.0005461646733840575,0.0003064249052846762,False
RFR,secondary_structure_fraction_turn,0.001019222594685227,0.002590606278408864,0.00040891535005945,0.011254624347277423,0.0062443114924707974,0.008596565242045709,1.0,1.0,1.1712993254431107e-05,-0.0006596845034162302,0.000525700847244115,False
RFR,fraction_exposed_nonpolar_exposed,0.0009998071333533203,0.002371323111351005,0.00040122473881103497,0.012027805547925275,0.0043998679064418435,0.006490755261008,1.0,1.0,1.4652560826246067e-05,-0.0002174119305917238,0.00018129097235751278,False
RFR,frac_aa_g,0.0009887204172683397,0.003731531316363662,0.000514883671307795,0.02139528304923868,0.006867139903398615,0.009381987653831251,1.0,1.0,-7.413925530643691e-05,-0.0005560746916251774,0.0005086304496206068,False
RFR,aromaticity,0.0008396067620059116,0.00228337068271687,0.000457634939681915,0.00837182410852984,0.0074046605325122205,0.010489005635734634,1.0,1.0,-2.3866282704043672e-05,-0.00032412111004415307,0.00030362971277153394,False
RFR,fraction_exposed,0.0008073082286279971,0.00157600224389296,0.00044454403878889506,0.004559083139610259,0.0037274627870293856,0.005495065457883426,1.0,1.0,-8.842724460564618e-05,-0.0013653122819153678,0.000617559237509289,False
RFR,rsa_mean,0.0007354726372771993,0.0017733913404326621,0.00030732573093626003,0.005686424723057059,0.005903508271136038,0.009422024693224307,1.0,1.0,1.6199335145858503e-05,-0.00018853399342015354,0.000299537280165011,False
RFR,ligand_carboxylate,0.0005392082685281611,0.0009273493581697539,0.000131185307306045,0.0032719402244701015,0.005224169564691501,0.008928317240755186,1.0,1.0,-6.5738665771225556e-06,-6.600425255228158e-05,4.937319032852875e-05,False
RFR,ligand_peg_two_k,0.00036877131389530623,0.0006768620369608741,2.4420999673711408e-05,0.004203692303657059,0.0030771680678266934,0.006215151380216798,0.9970014992503748,1.0,-1.583469795279624e-06,-3.314615588699346e-05,2.509282325426457e-05,False
RFR,ligand_peg_five_k,3.0449249969933264e-05,8.570410071853977e-05,2.3631917888728733e-06,0.00036637335038651735,0.003027647059755394,0.005808814418019036,1.0,1.0,-1.4939221088608457e-06,-1.199272956877509e-05,3.4731694420034986e-06,False
