entry_id,cluster_detect,cluster_enrich,cluster_detect_full,cluster_enrich_full
Q3T149,2,2,1,2
Q3T0A3,1,1,1,1
Q2KJ33,1,1,1,1
P39873,1,1,1,1
Q27971,0,0,0,1
P01017,2,0,2,0
Q3SZJ0,0,0,0,0
P37141,2,2,1,2
Q58CS8,0,0,0,0
Q6R8F2,1,1,1,2
A6QPQ2,1,0,1,0
Q27972,1,1,1,1
P10103,0,0,0,0
Q3T0Y5,0,0,0,0
P81187,2,1,2,1
Q3SYU6,0,0,0,0
O46415,0,0,0,1
P00735,2,2,2,2
G3X745,0,0,0,1
Q2HJ49,1,1,0,1
P19034,0,0,0,0
Q32S24,0,0,0,0
Q3ZBG0,0,0,1,1
Q3B7N2,0,0,1,1
P40673,0,0,0,0
A5D7I4,0,0,0,0
Q76LV2,2,2,2,2
P33672,0,0,1,1
Q9TS87,0,0,0,0
P11116,0,0,0,0
O77834,0,0,0,0
Q56JV9,0,0,0,0
Q6Q137,1,1,0,1
P21793,0,0,1,1
P80109,0,0,0,1
Q5QQ49,0,0,0,0
P30932,0,0,0,0
Q8SPP7,1,1,1,1
Q29443,2,0,2,0
Q9N2I2,2,2,2,2
Q3SZD7,0,0,0,0
Q0VCX2,1,1,1,1
P17697,2,2,2,2
P68509,0,0,0,0
P00978,2,2,2,2
P02453,2,2,2,2
Q29465,0,0,0,0
P07455,1,1,1,1
Q2KIV9,2,2,2,2
O97680,0,0,0,0
P62935,1,1,1,1
P02584,0,0,0,0
Q5E9B7,1,2,2,2
P02070,1,1,1,1
Q2TA40,0,0,1,1
Q7SIH1,2,1,2,1
P81134,0,0,0,0
P62998,0,0,0,0
Q3SZR3,2,0,2,0
P81948,2,2,2,2
P56651,2,2,2,2
P13213,0,0,0,1
P02769,2,0,2,0
P19035,2,2,2,2
Q27970,1,1,0,1
Q9GLE5,0,0,0,0
Q6EWQ7,0,0,0,0
Q5EAD2,0,0,0,0
Q2TBX6,0,0,0,0
P10096,2,2,2,2
Q3ZCF0,0,0,0,0
P24627,1,1,1,1
O46375,2,0,2,0
Q3T004,0,0,0,1
Q5E9D5,1,1,0,1
Q5EA20,0,0,0,0
P79345,0,0,0,0
Q9BGI2,0,0,0,0
P01030,2,2,2,2
O62644,1,1,1,1
Q27991,2,2,2,2
Q3SYV4,1,1,1,2
Q95M18,1,1,1,1
Q28178,2,2,2,2
P81282,0,0,0,1
Q95M17,2,0,2,1
P00743,2,2,2,2
Q3ZBN5,2,2,2,2
Q28008,0,0,0,1
Q5E983,0,0,0,0
Q3SZV3,0,0,0,0
Q9XSJ4,1,1,1,2
Q3MHN2,2,2,2,2
Q2TBP0,0,0,0,0
Q3MHN5,2,0,2,1
Q3ZBF7,0,0,0,0
Q9TTJ5,0,0,0,0
P56701,0,0,0,0
P06868,2,1,2,1
P13605,1,2,1,1
Q762I5,0,0,0,0
Q3MHY1,0,0,0,0
P13608,2,2,1,2
O46414,0,0,1,1
Q2KJG3,0,0,0,0
Q5E9A3,0,0,0,0
Q29RU4,1,1,0,1
P17690,2,1,2,1
P01267,0,0,0,0
O46470,0,0,0,1
P01966,2,2,2,2
P01888,1,1,1,1
Q3MHN0,0,0,0,1
Q5E9E3,2,2,2,2
P68252,0,0,0,0
Q58CX7,0,0,0,0
P02459,2,2,2,2
Q28120,0,0,0,0
Q5NTB3,1,1,2,2
Q2KJ39,0,0,0,1
Q3T168,0,1,1,1
Q6ZXC9,0,0,0,1
P79121,1,1,0,1
G3MYZ3,2,0,2,0
P49907,0,1,0,1
Q3SZ57,2,0,2,0
P01044,2,2,2,1
Q0VCX1,2,2,2,2
P33046,1,1,0,1
Q5E9Z2,2,2,2,2
P19803,0,1,0,1
P02465,1,2,1,2
P52193,0,0,0,1
A2I7N1,0,0,0,0
O18739,1,1,1,1
P68250,0,0,0,1
Q5E9C0,1,1,0,1
Q3ZC42,0,0,0,0
Q3T108,0,0,0,1
P80227,0,0,0,1
P28800,2,2,2,1
P81287,0,0,0,0
Q03247,2,2,2,2
P21809,1,2,1,1
P35445,2,1,2,1
P55906,2,2,2,2
A6QNT4,1,0,1,1
A6H767,1,2,1,1
P08037,0,0,0,1
P41361,2,2,2,2
Q28017,0,0,0,0
P31976,0,0,0,0
O77742,0,0,1,1
Q3T035,0,0,0,0
Q9TTE1,2,0,2,0
A2VE23,0,0,0,0
P23206,2,2,2,2
Q9MYY0,0,0,0,1
Q3T0P6,1,1,1,1
P82943,1,1,1,2
Q95140,0,0,0,0
P28783,0,0,0,0
P55252,0,0,0,1
P19661,0,0,0,0
Q2TBU0,0,0,0,0
Q58CQ9,2,0,1,0
P13384,1,1,1,2
Q2KJH4,1,1,1,1
P12763,2,0,2,0
A2I7N3,2,0,2,0
P02676,2,2,2,2
P80012,0,0,1,1
Q2KJH6,0,1,0,0
Q3T0K2,0,0,0,0
P07589,2,2,2,2
Q05443,2,2,2,2
O18979,1,2,1,1
Q17QH6,0,0,0,1
P15497,2,2,2,2
Q2TBI0,1,1,1,1
Q3SZC2,0,0,0,0
A7MBJ5,0,0,0,0
P18902,2,1,2,1
Q32PI5,0,0,0,0
P12378,0,0,0,0
Q3ZBV8,0,0,0,0
Q28021,0,0,0,0
P62803,2,2,2,2
Q3T0T1,0,0,0,0
Q9GLX9,1,1,1,2
Q0VCP3,1,2,1,2
Q76LV1,2,2,2,2
Q3ZBZ8,0,0,0,0
A6QQF6,0,0,0,0
Q05717,1,1,1,2
Q29RU2,0,0,0,0
P02672,2,2,2,2
Q0VCG9,0,0,1,1
Q9BGI3,0,0,0,1
Q28065,2,2,2,2
Q9N179,0,0,0,1
Q2KJD0,1,2,1,1
Q3T112,0,0,0,0
P62157,0,0,0,0
P00741,2,2,2,2
Q2KJH9,0,0,0,0
P50448,2,2,2,2
Q28034,0,0,0,0
Q29RV1,0,0,0,0
Q0P569,0,0,0,1
Q9TT36,2,0,2,0
Q28106,0,0,0,0
Q5E9B1,1,1,1,1
Q3Y5Z3,2,0,2,1
P79105,1,1,1,1
Q58D62,2,0,2,0
A6QR46,0,0,1,2
P24591,1,1,1,2
Q3ZBH0,0,0,0,0
Q3T0D0,0,0,0,0
P52556,0,0,0,1
P33433,2,2,1,2
Q2YDE4,0,0,1,2
Q27967,2,2,2,2
Q29RQ1,2,1,2,2
Q5E9K0,0,0,1,1
P12624,0,0,0,0
C0HLN2,0,0,0,0
P01045,2,2,2,2
Q2KIU3,0,0,0,0
Q3SZP2,2,2,1,2
Q92176,1,1,1,1
Q05718,1,2,1,2
P60661,2,2,2,2
P05059,0,0,0,0
A7MB62,0,0,0,0
Q5E9F5,1,1,1,1
P56425,1,2,1,2
P16368,0,1,0,1
Q29423,0,0,0,1
P13135,1,1,1,2
Q2NKY7,0,0,0,0
P31098,0,0,0,1
Q6URK6,0,0,0,0
Q2KJC6,0,0,0,1
O77783,0,0,0,0
P30922,0,0,0,0
P31836,0,0,0,1
P98140,1,2,1,2
Q3SZV7,2,0,2,0
P20959,1,1,1,1
A2I7N2,1,0,1,0
P12260,2,2,2,2
Q5E9A1,0,0,0,0
Q32KL2,0,0,0,0
P00744,2,2,2,2
Q3SWY2,2,2,2,2
Q3SZI4,0,0,0,0
P19858,2,2,2,2
Q32L76,0,0,0,0
Q1RMU3,0,0,0,0
P10152,1,1,1,1
A6H768,0,0,0,0
P56652,2,2,2,2
Q2KJ83,1,1,1,1
Q32KY0,2,2,2,2
Q0VFX8,0,0,0,0
P34955,2,0,2,0
Q3SYW2,0,0,0,0
P05307,0,0,1,1
P12799,2,2,2,2
P20414,0,0,0,0
Q29RI6,0,0,0,0
E1BF81,0,0,0,0
Q29RM2,1,0,1,0
P80929,1,1,1,1
P81947,1,2,1,1
Q3SYR5,0,0,0,0
A2VE99,0,0,0,0
Q05716,1,1,1,2
Q27976,0,0,0,0
P02639,0,0,0,0
A5D7B7,1,1,0,1
A5D7D1,0,0,0,0
Q32PJ2,1,0,1,0
Q3MHL4,1,1,1,2
P19534,0,0,0,0
P79124,0,0,0,1
Q3SX14,2,2,2,2
Q08E11,0,0,0,1
Q95121,2,1,2,1
P19217,0,0,0,0
P01252,0,0,0,0
Q58DU5,0,0,0,1
P12661,1,1,1,1
Q5E9X0,0,0,0,0
Q2KJ93,0,0,0,0
Q27968,0,0,0,0
Q2T9V8,0,0,0,0
P63103,0,0,0,1
Q2KIT0,1,0,1,0
P19427,0,0,1,1
A2I7M9,0,0,0,0
P21782,0,0,0,0
Q3SZN0,0,0,0,0
P61356,0,0,0,0
Q3T0X5,0,0,0,1
P02081,2,2,2,2
P55918,0,0,1,1
Q58D31,0,0,0,0
Q29RY7,0,0,0,0
Q32LM2,0,0,0,0
Q9GMB8,0,0,0,0
Q24K22,1,1,1,1
P33072,0,1,0,0
A5PKI3,0,0,0,0
Q28824,0,0,0,0
P15467,1,1,1,1
Q2UVX4,2,2,2,2
Q3SYU2,0,0,0,0
P69678,0,0,0,0
Q3T0R1,0,0,0,0
Q95117,0,0,0,0
Q5E9F7,2,2,2,2
P01035,1,1,1,2
Q28107,2,2,2,2
P62261,0,0,0,1
Q5E9H0,1,1,1,2
P19660,0,0,0,0
P19879,0,0,0,1
P07507,2,2,1,2
P00745,2,2,1,2
P80311,1,1,1,1
P07224,2,2,2,2
P81644,2,2,2,2
Q8SQ28,0,0,0,0
Q2KIG3,2,2,2,2
P22457,0,0,0,1
Q2TA49,1,1,0,1
Q2KIX7,0,0,0,0
Q28146,0,0,0,1
P35541,0,0,0,0
P02510,0,0,0,0
Q28038,1,1,1,1
Q28085,2,2,2,2
P38657,0,0,0,1
Q2KIS7,2,2,2,2
O02659,0,0,0,0
P42916,0,0,0,0
Q2KIY7,0,0,0,0
Q32LP0,1,2,2,2
Q148C9,0,0,0,0
P04815,1,2,2,2
Q3T054,2,2,2,2
Q3SWW8,2,2,2,2
Q5E9R3,1,1,1,2
P07456,1,2,2,2
P28782,0,0,0,0
Q2KJF1,2,0,2,0
P14568,1,1,1,1
P08169,0,0,0,0
A5D989,0,0,0,0
P09867,0,0,0,0
Q2KJ63,2,2,2,2
Q3T052,2,1,2,1
Q0VCM5,2,2,2,2
Q3ZBD9,1,1,1,2
O18738,0,0,0,0
Q3ZCK9,0,0,1,1
Q5E987,0,0,1,1
P22226,2,2,2,2
P00432,0,0,0,1
A7E3W2,1,0,1,1
P06623,0,0,0,0
F1N152,1,1,0,1
Q5KR48,0,0,1,1
